{"pastValue": 1000, "currentValue": 8920.107395989313, "totalROIVal": 7920.107395989313, "totalROIPerc": 792.0107395989313}