{
    "pastValue": 1000,
    "currentValue": 4807.529440457637,
    "totalROIVal": 3807.529440457637,
    "totalROIPerc": 380.75294404576374
}