{
    "pastValue": 1000,
    "currentValue": 14808.632168907427,
    "totalROIVal": 13808.632168907427,
    "totalROIPerc": 1380.8632168907427
}